{
    "Admin": {
        "u31d8aba9dff04c75242f2a2097b8adae": true,
        "u9f478c580a9c4e1de5e407e9b10c2da1": true
    },
    "AdminDel": false,
    "Adminadd": false,
    "AutoReject": false,
    "AutojoinTicket": false,
    "BackupBot": true,
    "Ban": false,
    "Blacklist": {},
    "Contact": false,
    "ContactAdd": {},
    "Copy": false,
    "GName": "ᴅᴜᴘʟɪᴄᴀᴛᴇ ᴘʜɪᴇ™",
    "Gift": false,
    "IDSticker": false,
    "Invite": false,
    "KillOn": false,
    "Leave": false,
    "Mic": false,
    "MicDel": false,
    "PesanAdd": "ᵗᵉʳⁱᵐᵃ ᵏᵃˢⁱʰ ᵗᵉˡᵃʰ ᵐᵉⁿᵃᵐᵇᵃʰᵏᵃⁿ ˢᵃʸᵃ ˢᵉᵇᵃᵍᵃⁱ ᵗᵉᵐᵃⁿ",
    "ROM": {
        "ce61eb544e5e36cd48aa8020c11aa96f8": {}
    },
    "Steal": false,
    "Timeline": false,
    "Unban": false,
    "UnsendPesan": false,
    "Upfoto": false,
    "UpfotoGroup": false,
    "WcText": "ᴡᴇʟᴄᴏᴍᴇ ᴛᴏ ᴍʏ ᴢᴏɴᴇ",
    "Welcome": false,
    "WvText": "ꜱᴇᴇ ᴜ ᴍʏ ʟᴏᴠᴇʟʏ",
    "autoAdd": true,
    "autoBlock": false,
    "autoJoin": false,
    "autoRead": false,
    "detectMention": false,
    "kickMention": false,
    "readMember": {
        "c9b4a3be1db8c489d3df7f23a43f101b9": ""
    },
    "readPoint": {
        "c9b4a3be1db8c489d3df7f23a43f101b9": "8178036848553"
    },
    "readTime": {
        "c9b4a3be1db8c489d3df7f23a43f101b9": "19:02:54"
    }
}
